title,slug,content,featuredImageUrl,metaDescription,seoTitle,keywords,author,categories,tags,status
"Getting Started with React","getting-started-with-react","# Getting Started with React

React is a powerful JavaScript library for building user interfaces. In this guide, we'll cover the basics of React development.

## What is React?

React is a declarative, efficient, and flexible JavaScript library for building user interfaces. It lets you compose complex UIs from small and isolated pieces of code called ""components"".

## Key Features

- **Component-Based**: Build encapsulated components that manage their own state
- **Declarative**: React makes it painless to create interactive UIs
- **Learn Once, Write Anywhere**: You can develop new features in React without rewriting existing code

## Getting Started

To get started with React, you'll need Node.js installed on your computer. Then you can create a new React app using:

```bash
npx create-react-app my-app
cd my-app
npm start
```

This will create a new React application and start the development server.

## Conclusion

React is an excellent choice for modern web development. Its component-based architecture and powerful ecosystem make it perfect for building scalable applications.","https://images.pexels.com/photos/11035380/pexels-photo-11035380.jpeg","Learn the fundamentals of React development in this comprehensive beginner's guide. Perfect for developers new to React.","Getting Started with React - Complete Beginner's Guide","react, javascript, web development, frontend, tutorial","John Developer","Web Development, Tutorials","react, javascript, frontend, beginner, tutorial",published
"Advanced CSS Grid Techniques","advanced-css-grid-techniques","# Advanced CSS Grid Techniques

CSS Grid is one of the most powerful layout systems available in CSS. Let's explore some advanced techniques that will take your layouts to the next level.

## Grid Template Areas

One of the most intuitive features of CSS Grid is the ability to name grid areas:

```css
.container {
  display: grid;
  grid-template-areas: 
    ""header header header""
    ""sidebar main main""
    ""footer footer footer"";
  grid-template-columns: 200px 1fr 1fr;
  grid-template-rows: auto 1fr auto;
}

.header { grid-area: header; }
.sidebar { grid-area: sidebar; }
.main { grid-area: main; }
.footer { grid-area: footer; }
```

## Responsive Grid Layouts

Create responsive layouts without media queries:

```css
.grid {
  display: grid;
  grid-template-columns: repeat(auto-fit, minmax(300px, 1fr));
  gap: 1rem;
}
```

## Grid Line Names

You can name grid lines for easier positioning:

```css
.container {
  display: grid;
  grid-template-columns: [start] 250px [content-start] 1fr [content-end] 250px [end];
}
```

## Conclusion

CSS Grid provides incredible flexibility for creating complex layouts. These advanced techniques will help you build more sophisticated and maintainable designs.","https://images.pexels.com/photos/196644/pexels-photo-196644.jpeg","Master advanced CSS Grid techniques including template areas, responsive layouts, and grid line naming for professional web development.","Advanced CSS Grid Techniques - Master Modern Layouts","css, grid, layout, responsive design, web development","Jane Designer","Web Development, CSS","css, grid, layout, responsive, advanced",published
"JavaScript ES6 Features You Should Know","javascript-es6-features","# JavaScript ES6 Features You Should Know

ES6 (ECMAScript 2015) introduced many powerful features that have transformed JavaScript development. Here are the essential features every developer should master.

## Arrow Functions

Arrow functions provide a more concise syntax for writing functions:

```javascript
// Traditional function
function add(a, b) {
  return a + b;
}

// Arrow function
const add = (a, b) => a + b;
```

## Template Literals

Template literals make string interpolation much easier:

```javascript
const name = 'World';
const greeting = `Hello, ${name}!`;
```

## Destructuring Assignment

Extract values from arrays and objects:

```javascript
// Array destructuring
const [first, second] = [1, 2, 3];

// Object destructuring
const { name, age } = { name: 'John', age: 30, city: 'New York' };
```

## Spread Operator

The spread operator (...) allows you to expand arrays and objects:

```javascript
const arr1 = [1, 2, 3];
const arr2 = [...arr1, 4, 5, 6];

const obj1 = { a: 1, b: 2 };
const obj2 = { ...obj1, c: 3 };
```

## Promises

Promises provide a cleaner way to handle asynchronous operations:

```javascript
fetch('/api/data')
  .then(response => response.json())
  .then(data => console.log(data))
  .catch(error => console.error(error));
```

## Classes

ES6 introduced class syntax for object-oriented programming:

```javascript
class Person {
  constructor(name, age) {
    this.name = name;
    this.age = age;
  }
  
  greet() {
    return `Hello, I'm ${this.name}`;
  }
}
```

## Conclusion

These ES6 features have become essential tools in modern JavaScript development. Mastering them will make your code more readable, maintainable, and efficient.","https://images.pexels.com/photos/270348/pexels-photo-270348.jpeg","Discover essential JavaScript ES6 features including arrow functions, destructuring, promises, and classes. Perfect for modern web development.","JavaScript ES6 Features Every Developer Should Know","javascript, es6, programming, web development, modern javascript","Alex Coder","Programming, JavaScript","javascript, es6, programming, modern, features",draft